 ,Cell 1,Cell 2
Distance from Cell 2 / 1,241.791590793142,241.791590793142
Distance from Cell 3,147.890516633363,239.010170193252
Distance from Cell 4,272.032149347511,122.819565365413
Distance from Cell 5,296.806813558042,232.044521877838
