Cell,Peak_Time,Peak_Value,Plateau_Time,Plateau_Value,Half_Life,Rsquare,Num_Points
1,242,0.710247805200825,302,0.604770443487963,25.3328779987944,0.999445611313942,31
