Cell,Peak_Time,Peak_Value,Plateau_Time,Plateau_Value,Half_Life,Rsquare,Num_Points
1,124,1.78308589081357,184,0.916646655606434,NaN,NaN,31
2,126,1.72254807956371,186,0.829907382084089,NaN,NaN,31
