Cell,Peak_Time,Peak_Value,Plateau_Time,Plateau_Value,Half_Life,Rsquare,Num_Points
1,128,2.04208879731761,188,0.927433185241548,NaN,NaN,31
2,124,1.87154975841953,184,1.04808600421375,NaN,NaN,31
3,132,1.2561750239525,188,0.924465037095623,NaN,NaN,29
