Cell,Peak_Time,Peak_Value,Plateau_Time,Plateau_Value,Half_Life,Rsquare,Num_Points
1,126,1.96192032370652,186,0.919929587685352,NaN,NaN,31
2,132,1.83088648641055,192,0.875979522096909,NaN,NaN,31
3,124,1.83993886533906,184,0.995024922756182,NaN,NaN,31
4,126,1.70080190706096,186,0.830391058170998,NaN,NaN,31
