Cell,Peak_Time,Peak_Value,Plateau_Time,Plateau_Value,Half_Life,Rsquare,Num_Points
1,84,1.09256041651335,118,0.946636677749277,14.9774589532937,0.991058511088347,18
