Cell,Peak_Time,Peak_Value,Plateau_Time,Plateau_Value,Half_Life,Rsquare,Num_Points
1,126,1.87636173338893,186,0.910735822236759,NaN,NaN,31
2,124,1.82788167674976,184,0.993879671047076,NaN,NaN,31
3,126,1.67341421287313,186,0.821915783508327,NaN,NaN,31
